VGSH.O;SCHP.K;IYR;AOR;BITO.K;GBTC.K;SHV.O;SOXL.K;TQQQ.O; ,,,,,,,
Updated at 14:33:55,Lipper RIC,Holding Name,Holding RIC,Number of Shares,Percentage of Fund Assets,Country of Domicile,Business Sector
VGSH.O,LP40179351,UNITED STATES OF AMERICA (GOVERNMENT) 4.875% 31-MAY-2026,91282CKS9=,443865000,1.7563,UNITED STATES,Government Activity
VGSH.O,NULL,UNITED STATES OF AMERICA (GOVERNMENT) 1.5% 31-JAN-2027,912828Z78=,461337000,1.7176,UNITED STATES,Government Activity
VGSH.O,NULL,UNITED STATES OF AMERICA (GOVERNMENT) 4.625% 30-JUN-2026,91282CKY6=,390888000,1.5426,UNITED STATES,Government Activity
VGSH.O,NULL,UNITED STATES OF AMERICA (GOVERNMENT) 3.75% 31-AUG-2026,91282CLH2=,390637000,1.5224,UNITED STATES,Government Activity
VGSH.O,NULL,UNITED STATES OF AMERICA (GOVERNMENT) 3.5% 30-SEP-2026,91282CLP4=,388936000,1.5094,UNITED STATES,Government Activity
VGSH.O,NULL,UNITED STATES OF AMERICA (GOVERNMENT) 4.875% 30-APR-2026,91282CKK6=,379209000,1.4995,UNITED STATES,Government Activity
VGSH.O,NULL,UNITED STATES OF AMERICA (GOVERNMENT) .75% 30-APR-2026,91282CBW0=,391784000,1.4736,UNITED STATES,Government Activity
VGSH.O,NULL,UNITED STATES OF AMERICA (GOVERNMENT) .375% 31-JUL-2026,91282CCP4=,393680000,1.4657,UNITED STATES,Government Activity
VGSH.O,NULL,UNITED STATES OF AMERICA (GOVERNMENT) 4.5% 15-MAY-2027,91282CKR1=,370065000,1.4609,UNITED STATES,Government Activity
VGSH.O,NULL,UNITED STATES OF AMERICA (GOVERNMENT) 4.625% 28-FEB-2026,91282CKB6=,369305000,1.4549,UNITED STATES,Government Activity
VGSH.O,NULL,UNITED STATES OF AMERICA (GOVERNMENT) 4.625% 15-JUN-2027,91282CKV2=,367319000,1.4548,UNITED STATES,Government Activity
VGSH.O,NULL,UNITED STATES OF AMERICA (GOVERNMENT) 4.5% 31-MAR-2026,91282CKH3=,368728000,1.4511,UNITED STATES,Government Activity
VGSH.O,NULL,UNITED STATES OF AMERICA (GOVERNMENT) 4.5% 15-APR-2027,91282CKJ9=,365913000,1.4445,UNITED STATES,Government Activity
VGSH.O,NULL,UNITED STATES OF AMERICA (GOVERNMENT) .75% 31-MAY-2026,91282CCF6=,384458000,1.442,UNITED STATES,Government Activity
VGSH.O,NULL,UNITED STATES OF AMERICA (GOVERNMENT) 4.375% 15-JUL-2027,91282CKZ3=,364882000,1.4371,UNITED STATES,Government Activity
VGSH.O,NULL,UNITED STATES OF AMERICA (GOVERNMENT) 1.25% 30-NOV-2026,91282CDK4=,384692000,1.432,UNITED STATES,Government Activity
VGSH.O,NULL,UNITED STATES OF AMERICA (GOVERNMENT) .5% 31-OCT-2026,91282CDG3=,380775000,1.4177,UNITED STATES,Government Activity
VGSH.O,NULL,UNITED STATES OF AMERICA (GOVERNMENT) 4.375% 31-JUL-2026,91282CLB5=,360422000,1.4177,UNITED STATES,Government Activity
VGSH.O,NULL,UNITED STATES OF AMERICA (GOVERNMENT) 3.75% 15-AUG-2027,91282CLG4=,362401000,1.4062,UNITED STATES,Government Activity
VGSH.O,NULL,UNITED STATES OF AMERICA (GOVERNMENT) 1.625% 15-MAY-2026,912828R36=,368722000,1.4004,UNITED STATES,Government Activity
VGSH.O,NULL,4% 31-OCT-2026,91282CLS8=,353453000,1.3851,,Government Activity
VGSH.O,NULL,UNITED STATES OF AMERICA (GOVERNMENT) 4.125% 15-NOV-2027,91282CLX7=,353475000,1.3832,UNITED STATES,Government Activity
VGSH.O,NULL,UNITED STATES OF AMERICA (GOVERNMENT) 3.875% 15-OCT-2027,91282CLQ2=,349436000,1.3591,UNITED STATES,Government Activity
VGSH.O,NULL,UNITED STATES OF AMERICA (GOVERNMENT) 4% 15-DEC-2027,NULL,346600000,1.3519,UNITED STATES,Unable to resolve some identifier(s).
VGSH.O,NULL,UNITED STATES OF AMERICA (GOVERNMENT) 1.25% 31-DEC-2026,91282CDQ1=,363258000,1.3491,UNITED STATES,Government Activity
VGSH.O,NULL,UNITED STATES OF AMERICA (GOVERNMENT) .75% 31-AUG-2026,91282CCW9=,362429000,1.348,UNITED STATES,Government Activity
VGSH.O,NULL,UNITED STATES OF AMERICA (GOVERNMENT) 4.25% 15-JAN-2028,91282CMF5=,341790000,1.3419,UNITED STATES,Government Activity
VGSH.O,NULL,UNITED STATES OF AMERICA (GOVERNMENT) 3.375% 15-SEP-2027,91282CLL3=,340506000,1.3083,UNITED STATES,Government Activity
VGSH.O,NULL,UNITED STATES OF AMERICA (GOVERNMENT) .875% 28-FEB-2027,91282CEC1=,346599000,1.2977,UNITED STATES,Government Activity
VGSH.O,NULL,UNITED STATES OF AMERICA (GOVERNMENT) 4.375% 15-DEC-2026,91282CJP7=,328224000,1.2919,UNITED STATES,Government Activity
VGSH.O,NULL,UNITED STATES OF AMERICA (GOVERNMENT) 4.25% 15-MAR-2027,91282CKE0=,327457000,1.2858,UNITED STATES,Government Activity
VGSH.O,NULL,UNITED STATES OF AMERICA (GOVERNMENT) 4.125% 15-FEB-2027,91282CKA8=,319939000,1.2534,UNITED STATES,Government Activity
VGSH.O,NULL,UNITED STATES OF AMERICA (GOVERNMENT) 2.375% 15-MAY-2027,912828X88=,331837000,1.2503,UNITED STATES,Government Activity
VGSH.O,NULL,UNITED STATES OF AMERICA (GOVERNMENT) 1.5% 15-AUG-2026,9128282A7=,330349000,1.2445,UNITED STATES,Government Activity
VGSH.O,NULL,UNITED STATES OF AMERICA (GOVERNMENT) 4.625% 15-NOV-2026,91282CJK8=,314041000,1.2409,UNITED STATES,Government Activity
VGSH.O,NULL,UNITED STATES OF AMERICA (GOVERNMENT) .5% 31-MAR-2026,91282CBT7=,328572000,1.2392,UNITED STATES,Government Activity
VGSH.O,NULL,UNITED STATES OF AMERICA (GOVERNMENT) 4% 15-JAN-2027,91282CJT9=,316907000,1.2388,UNITED STATES,Government Activity
VGSH.O,NULL,UNITED STATES OF AMERICA (GOVERNMENT) .875% 30-SEP-2026,91282CCZ2=,329904000,1.2263,UNITED STATES,Government Activity
VGSH.O,NULL,UNITED STATES OF AMERICA (GOVERNMENT) .5% 28-FEB-2026,91282CBQ3=,316853000,1.195,UNITED STATES,Government Activity
VGSH.O,NULL,UNITED STATES OF AMERICA (GOVERNMENT) 4.25% 31-DEC-2026,NULL,303017000,1.1901,UNITED STATES,Unable to resolve some identifier(s).
VGSH.O,NULL,UNITED STATES OF AMERICA (GOVERNMENT) 4.25% 30-NOV-2026,91282CLY5=,301526000,1.1842,UNITED STATES,Government Activity
VGSH.O,NULL,UNITED STATES OF AMERICA (GOVERNMENT) 1.25% 30-APR-2027,91282CEN7=,309870000,1.1784,UNITED STATES,Government Activity
VGSH.O,NULL,UNITED STATES OF AMERICA (GOVERNMENT) 2.625% 31-MAY-2027,91282CET4=,309655000,1.1726,UNITED STATES,Government Activity
VGSH.O,NULL,UNITED STATES OF AMERICA (GOVERNMENT) 2.5% 31-MAR-2027,91282CEF4=,304335000,1.1529,UNITED STATES,Government Activity
VGSH.O,NULL,UNITED STATES OF AMERICA (GOVERNMENT) 4.625% 15-SEP-2026,91282CHY0=,286019000,1.1296,UNITED STATES,Government Activity
VGSH.O,NULL,UNITED STATES OF AMERICA (GOVERNMENT) 1.625% 15-FEB-2026,912828P46=,293621000,1.1218,UNITED STATES,Government Activity
VGSH.O,NULL,UNITED STATES OF AMERICA (GOVERNMENT) 2.25% 15-FEB-2027,912828V98=,295784000,1.1168,UNITED STATES,Government Activity
VGSH.O,NULL,UNITED STATES OF AMERICA (GOVERNMENT) .75% 31-JAN-2028,91282CBJ9=,315000000,1.1162,UNITED STATES,Government Activity
VGSH.O,NULL,UNITED STATES OF AMERICA (GOVERNMENT) .625% 31-DEC-2027,91282CBB6=,306905000,1.0862,UNITED STATES,Government Activity
VGSH.O,NULL,UNITED STATES OF AMERICA (GOVERNMENT) 2% 15-NOV-2026,912828U24=,284564000,1.0747,UNITED STATES,Government Activity
VGSH.O,NULL,UNITED STATES OF AMERICA (GOVERNMENT) 1.625% 31-JUL-2027,91282CFB2=,283104000,1.0726,UNITED STATES,Government Activity
VGSH.O,NULL,UNITED STATES OF AMERICA (GOVERNMENT) .625% 30-NOV-2027,91282CAY7=,299566000,1.0637,UNITED STATES,Government Activity
VGSH.O,NULL,UNITED STATES OF AMERICA (GOVERNMENT) .875% 30-JUN-2026,91282CCJ8=,279375000,1.0467,UNITED STATES,Government Activity
VGSH.O,NULL,UNITED STATES OF AMERICA (GOVERNMENT) 3.25% 30-JUN-2027,91282CEW7=,271256000,1.0415,UNITED STATES,Government Activity
VGSH.O,NULL,UNITED STATES OF AMERICA (GOVERNMENT) 4.375% 15-AUG-2026,91282CHU8=,263495000,1.0365,UNITED STATES,Government Activity
VGSH.O,NULL,UNITED STATES OF AMERICA (GOVERNMENT) 1.375% 31-AUG-2027,91282CFH9=,268714000,1.0263,UNITED STATES,Government Activity
VGSH.O,NULL,UNITED STATES OF AMERICA (GOVERNMENT) 3.75% 15-APR-2026,91282CGV7=,261555000,1.0206,UNITED STATES,Government Activity
VGSH.O,NULL,UNITED STATES OF AMERICA (GOVERNMENT) 1.875% 15-MAY-2026,91282CHB0=,260840000,1.0161,UNITED STATES,Government Activity
VGSH.O,NULL,UNITED STATES OF AMERICA (GOVERNMENT) 2.25% 15-AUG-2027,9128282R0=,271002000,1.0135,UNITED STATES,Government Activity
VGSH.O,NULL,UNITED STATES OF AMERICA (GOVERNMENT) 2% 30-NOV-2027,91282CFZ9=,257514000,1.0008,UNITED STATES,Government Activity
VGSH.O,NULL,UNITED STATES OF AMERICA (GOVERNMENT) 1.875% 31-DEC-2027,91282CGC9=,256272000,0.9961,UNITED STATES,Government Activity
VGSH.O,NULL,UNITED STATES OF AMERICA (GOVERNMENT) .5% 31-OCT-2027,91282CAU5=,280642000,0.9958,UNITED STATES,Government Activity
VGSH.O,NULL,UNITED STATES OF AMERICA (GOVERNMENT) 2.25% 15-NOV-2027,9128283F5=,265887000,0.9894,UNITED STATES,Government Activity
VGSH.O,NULL,UNITED STATES OF AMERICA (GOVERNMENT) 2% 31-OCT-2027,91282CFU0=,250039000,0.9788,UNITED STATES,Government Activity
VGSH.O,NULL,UNITED STATES OF AMERICA (GOVERNMENT) 3.125% 30-SEP-2027,91282CFM8=,248153000,0.9715,UNITED STATES,Government Activity
VGSH.O,NULL,UNITED STATES OF AMERICA (GOVERNMENT) .375% 30-SEP-2027,91282CAL5=,272624000,0.9674,UNITED STATES,Government Activity
VGSH.O,NULL,UNITED STATES OF AMERICA (GOVERNMENT) 1.875% 31-JAN-2028,91282CGH8=,250000000,0.961,UNITED STATES,Government Activity
VGSH.O,NULL,UNITED STATES OF AMERICA (GOVERNMENT) .375% 31-JUL-2027,91282CAD3=,266541000,0.9517,UNITED STATES,Government Activity
VGSH.O,NULL,UNITED STATES OF AMERICA (GOVERNMENT) 4.125% 31-JAN-2027,NULL,240000000,0.9407,UNITED STATES,Unable to resolve some identifier(s).
VGSH.O,NULL,UNITED STATES OF AMERICA (GOVERNMENT) 4.5% 15-JUL-2026,91282CHM6=,236898000,0.9334,UNITED STATES,Government Activity
VGSH.O,NULL,UNITED STATES OF AMERICA (GOVERNMENT) 4.625% 15-MAR-2026,91282CGR6=,235846000,0.9293,UNITED STATES,Government Activity
VGSH.O,NULL,UNITED STATES OF AMERICA (GOVERNMENT) 4.625% 15-OCT-2026,91282CJC6=,215933000,0.8529,UNITED STATES,Government Activity
VGSH.O,NULL,UNITED STATES OF AMERICA (GOVERNMENT) .5% 30-JUN-2027,912828ZV5=,233773000,0.8401,UNITED STATES,Government Activity
VGSH.O,NULL,UNITED STATES OF AMERICA (GOVERNMENT) .5% 31-AUG-2027,91282CAH4=,229421000,0.8194,UNITED STATES,Government Activity
VGSH.O,NULL,UNITED STATES OF AMERICA (GOVERNMENT) 4.125% 15-JUN-2026,91282CHH7=,208918000,0.8188,UNITED STATES,Government Activity
VGSH.O,NULL,UNITED STATES OF AMERICA (GOVERNMENT) .5% 31-MAY-2027,912828ZS2=,204500000,0.7372,UNITED STATES,Government Activity
VGSH.O,NULL,UNITED STATES OF AMERICA (GOVERNMENT) 1.875% 15-FEB-2026,91282CGL9=,187316000,0.7331,UNITED STATES,Government Activity
VGSH.O,NULL,UNITED STATES OF AMERICA (GOVERNMENT) .5% 30-APR-2027,912828ZN3=,202713000,0.733,UNITED STATES,Government Activity
VGSH.O,NULL,UNITED STATES OF AMERICA (GOVERNMENT) 2.25% 31-MAR-2026,9128286L9=,170319000,0.6535,UNITED STATES,Government Activity
VGSH.O,NULL,UNITED STATES OF AMERICA (GOVERNMENT) 1.875% 31-JUL-2026,912828Y95=,171345000,0.6499,UNITED STATES,Government Activity
VGSH.O,NULL,UNITED STATES OF AMERICA (GOVERNMENT) 2.125% 31-MAY-2026,9128286X3=,164434000,0.6279,UNITED STATES,Government Activity
VGSH.O,NULL,UNITED STATES OF AMERICA (GOVERNMENT) 1.625% 30-NOV-2026,912828YU8=,158832000,0.5953,UNITED STATES,Government Activity
VGSH.O,NULL,UNITED STATES OF AMERICA (GOVERNMENT) 2.5% 28-FEB-2026,9128286F2=,153734000,0.5923,UNITED STATES,Government Activity
VGSH.O,NULL,UNITED STATES OF AMERICA (GOVERNMENT) 1.625% 31-OCT-2026,912828YQ7=,139626000,0.5244,UNITED STATES,Government Activity
VGSH.O,NULL,UNITED STATES OF AMERICA (GOVERNMENT) .625% 31-MAR-2027,912828ZE3=,141612000,0.5151,UNITED STATES,Government Activity
VGSH.O,NULL,UNITED STATES OF AMERICA (GOVERNMENT) 1.375% 31-AUG-2026,912828YD6=,136522000,0.5129,UNITED STATES,Government Activity
VGSH.O,NULL,UNITED STATES OF AMERICA (GOVERNMENT) 1.875% 30-JUN-2026,9128287B0=,122588000,0.4659,UNITED STATES,Government Activity
VGSH.O,NULL,UNITED STATES OF AMERICA (GOVERNMENT) 2.375% 30-APR-2026,9128286S4=,119235000,0.4575,UNITED STATES,Government Activity
VGSH.O,NULL,UNITED STATES OF AMERICA (GOVERNMENT) 1.75% 31-DEC-2026,912828YX2=,118361000,0.4439,UNITED STATES,Government Activity
VGSH.O,NULL,UNITED STATES OF AMERICA (GOVERNMENT) 1.125% 28-FEB-2027,912828ZB9=,93106000,0.3433,UNITED STATES,Government Activity
VGSH.O,NULL,VANGUARD MARKET LIQUIDITY FUND,NULL,455407.15,0.1787,,Unable to resolve some identifier(s).
VGSH.O,NULL,UNITED STATES OF AMERICA (GOVERNMENT) 1.625% 30-SEP-2026,912828YG9=,45324000,0.1706,UNITED STATES,Government Activity
VGSH.O,NULL,UNITED STATES OF AMERICA (GOVERNMENT) 6.625% 15-FEB-2027,912810EZ7=,224000,0.0009,UNITED STATES,Government Activity
VGSH.O,NULL,UNITED STATES OF AMERICA (GOVERNMENT) 6% 15-FEB-2026,912810EW4=,186000,0.0007,UNITED STATES,Government Activity
VGSH.O,NULL,UNITED STATES OF AMERICA (GOVERNMENT) 6.5% 15-NOV-2026,912810EY0=,170000,0.0007,UNITED STATES,Government Activity
VGSH.O,NULL,UNITED STATES OF AMERICA (GOVERNMENT) 6.75% 15-AUG-2026,912810EX2=,155000,0.0006,UNITED STATES,Government Activity
VGSH.O,NULL,UNITED STATES OF AMERICA (GOVERNMENT) 6.125% 15-NOV-2027,912810FB9=,83000,0.0003,UNITED STATES,Government Activity
VGSH.O,NULL,UNITED STATES OF AMERICA (GOVERNMENT) 6.375% 15-AUG-2027,912810FA1=,20000,0.0001,UNITED STATES,Government Activity
VGSH.O,NULL,USD CASH,NULL,-10921172.8,-0.0429,UNITED STATES,Unable to resolve some identifier(s).
SCHP.K,LP40183915,UNITED STATES OF AMERICA (GOVERNMENT) 1.875% 15-JUL-2034,91282CLE9=,462744743.3,3.8987,UNITED STATES,Government Activity
SCHP.K,NULL,UNITED STATES OF AMERICA (GOVERNMENT) 1.75% 15-JAN-2034,91282CJY8=,445340329,3.7098,UNITED STATES,Government Activity
SCHP.K,NULL,UNITED STATES OF AMERICA (GOVERNMENT) 1.125% 15-JAN-2033,91282CGK1=,430820108.6,3.4461,UNITED STATES,Government Activity
SCHP.K,NULL,UNITED STATES OF AMERICA (GOVERNMENT) .625% 15-JUL-2032,91282CEZ0=,441960057.3,3.44,UNITED STATES,Government Activity
SCHP.K,NULL,UNITED STATES OF AMERICA (GOVERNMENT) 1.375% 15-JUL-2033,91282CHP9=,422057191.5,3.4349,UNITED STATES,Government Activity
SCHP.K,NULL,UNITED STATES OF AMERICA (GOVERNMENT) 1.625% 15-OCT-2029,91282CLV1=,400668621.8,3.4137,UNITED STATES,Government Activity
SCHP.K,NULL,UNITED STATES OF AMERICA (GOVERNMENT) 2.125% 15-APR-2029,91282CKL4=,389422171.8,3.3766,UNITED STATES,Government Activity
SCHP.K,NULL,UNITED STATES OF AMERICA (GOVERNMENT) 2.375% 15-OCT-2028,91282CJH5=,375792935.5,3.304,UNITED STATES,Government Activity
SCHP.K,NULL,UNITED STATES OF AMERICA (GOVERNMENT) .125% 15-JAN-2032,91282CDX6=,427074739.6,3.2221,UNITED STATES,Government Activity
SCHP.K,NULL,UNITED STATES OF AMERICA (GOVERNMENT) 1.625% 15-OCT-2027,91282CFR7=,369817205,3.1803,UNITED STATES,Government Activity
SCHP.K,NULL,UNITED STATES OF AMERICA (GOVERNMENT) 1.25% 15-APR-2028,91282CGW5=,364938307.2,3.0804,UNITED STATES,Government Activity
SCHP.K,NULL,UNITED STATES OF AMERICA (GOVERNMENT) .125% 15-APR-2027,91282CEJ6=,368794190.7,3.0574,UNITED STATES,Government Activity
SCHP.K,NULL,UNITED STATES OF AMERICA (GOVERNMENT) .125% 15-OCT-2026,91282CDC2=,361014189.9,3.0307,UNITED STATES,Government Activity
SCHP.K,NULL,UNITED STATES OF AMERICA (GOVERNMENT) .125% 15-JUL-2031,91282CCM1=,390835317.7,2.9943,UNITED STATES,Government Activity
SCHP.K,NULL,UNITED STATES OF AMERICA (GOVERNMENT) .125% 15-JAN-2031,91282CBF7=,382172683.8,2.9487,UNITED STATES,Government Activity
SCHP.K,NULL,UNITED STATES OF AMERICA (GOVERNMENT) .125% 15-JUL-2030,912828ZZ6=,367872394.1,2.8818,UNITED STATES,Government Activity
SCHP.K,NULL,UNITED STATES OF AMERICA (GOVERNMENT) .5% 15-JAN-2028,9128283R9=,334955183.8,2.775,UNITED STATES,Government Activity
SCHP.K,NULL,UNITED STATES OF AMERICA (GOVERNMENT) .375% 15-JUL-2027,9128282L3=,327840225.1,2.7379,UNITED STATES,Government Activity
SCHP.K,NULL,UNITED STATES OF AMERICA (GOVERNMENT) .125% 15-JUL-2026,912828S50=,319708653.4,2.6948,UNITED STATES,Government Activity
SCHP.K,NULL,UNITED STATES OF AMERICA (GOVERNMENT) .625% 15-JAN-2026,912828N71=,317180483.5,2.6931,UNITED STATES,Government Activity
SCHP.K,NULL,UNITED STATES OF AMERICA (GOVERNMENT) .125% 15-JAN-2030,912828Z37=,333748510.3,2.6299,UNITED STATES,Government Activity
SCHP.K,NULL,UNITED STATES OF AMERICA (GOVERNMENT) .375% 15-JAN-2027,912828V49=,296696890,2.4853,UNITED STATES,Government Activity
SCHP.K,NULL,UNITED STATES OF AMERICA (GOVERNMENT) .75% 15-JUL-2028,912828Y38=,290699376.1,2.4204,UNITED STATES,Government Activity
SCHP.K,NULL,UNITED STATES OF AMERICA (GOVERNMENT) .25% 15-JUL-2029,9128287D6=,295687599.4,2.3766,UNITED STATES,Government Activity
SCHP.K,NULL,UNITED STATES OF AMERICA (GOVERNMENT) .125% 15-APR-2026,91282CCA7=,260855403.8,2.1957,UNITED STATES,Government Activity
SCHP.K,NULL,UNITED STATES OF AMERICA (GOVERNMENT) .875% 15-JAN-2029,9128285W6=,250265974.8,2.0719,UNITED STATES,Government Activity
SCHP.K,NULL,UNITED STATES OF AMERICA (GOVERNMENT) 3.875% 15-APR-2029,912810FH6=,162690919.7,1.5089,UNITED STATES,Government Activity
SCHP.K,NULL,UNITED STATES OF AMERICA (GOVERNMENT) 1.375% 15-FEB-2044,912810RF7=,195888115.3,1.4254,UNITED STATES,Government Activity
SCHP.K,NULL,UNITED STATES OF AMERICA (GOVERNMENT) .75% 15-FEB-2045,912810RL4=,216003091.9,1.3699,UNITED STATES,Government Activity
SCHP.K,NULL,UNITED STATES OF AMERICA (GOVERNMENT) 2% 15-JAN-2026,912810FS2=,151893113.5,1.306,UNITED STATES,Government Activity
SCHP.K,NULL,UNITED STATES OF AMERICA (GOVERNMENT) 3.625% 15-APR-2028,912810FD5=,142015122.6,1.2888,UNITED STATES,Government Activity
SCHP.K,NULL,UNITED STATES OF AMERICA (GOVERNMENT) 2.375% 15-JAN-2027,912810PS1=,146961149.1,1.2794,UNITED STATES,Government Activity
SCHP.K,NULL,UNITED STATES OF AMERICA (GOVERNMENT) 2.125% 15-FEB-2054,912810TY4=,151621262,1.2177,UNITED STATES,Government Activity
SCHP.K,NULL,UNITED STATES OF AMERICA (GOVERNMENT) .75% 15-FEB-2042,912810QV3=,180017814.4,1.2059,UNITED STATES,Government Activity
SCHP.K,NULL,UNITED STATES OF AMERICA (GOVERNMENT) 1.75% 15-JAN-2028,912810PV4=,138784357.9,1.1923,UNITED STATES,Government Activity
SCHP.K,NULL,UNITED STATES OF AMERICA (GOVERNMENT) 2.5% 15-JAN-2029,912810PZ5=,128157014.9,1.1288,UNITED STATES,Government Activity
SCHP.K,NULL,UNITED STATES OF AMERICA (GOVERNMENT) 1.5% 15-FEB-2053,912810TP3=,155521039.5,1.0826,UNITED STATES,Government Activity
SCHP.K,NULL,UNITED STATES OF AMERICA (GOVERNMENT) 2.125% 15-FEB-2041,912810QP6=,112434617.1,0.9467,UNITED STATES,Government Activity
SCHP.K,NULL,UNITED STATES OF AMERICA (GOVERNMENT) .625% 15-FEB-2043,912810RA8=,142617197.9,0.9139,UNITED STATES,Government Activity
SCHP.K,NULL,UNITED STATES OF AMERICA (GOVERNMENT) .875% 15-FEB-2047,912810RW0=,135963294.3,0.8608,UNITED STATES,Government Activity
SCHP.K,NULL,UNITED STATES OF AMERICA (GOVERNMENT) .125% 15-FEB-2052,912810TE8=,163723825.6,0.7751,UNITED STATES,Government Activity
SCHP.K,NULL,UNITED STATES OF AMERICA (GOVERNMENT) 1% 15-FEB-2046,912810RR1=,111249731,0.7331,UNITED STATES,Government Activity
SCHP.K,NULL,UNITED STATES OF AMERICA (GOVERNMENT) .25% 15-FEB-2050,912810SM1=,140115448.1,0.7145,UNITED STATES,Government Activity
SCHP.K,NULL,UNITED STATES OF AMERICA (GOVERNMENT) .125% 15-FEB-2051,912810SV1=,140424247.4,0.676,UNITED STATES,Government Activity
SCHP.K,NULL,UNITED STATES OF AMERICA (GOVERNMENT) 2.125% 15-FEB-2040,912810QF8=,75616693.13,0.6373,UNITED STATES,Government Activity
SCHP.K,NULL,UNITED STATES OF AMERICA (GOVERNMENT) 1% 15-FEB-2048,912810SB5=,98596836.06,0.6346,UNITED STATES,Government Activity
SCHP.K,NULL,UNITED STATES OF AMERICA (GOVERNMENT) 1% 15-FEB-2049,912810SG4=,90758096.73,0.577,UNITED STATES,Government Activity
SCHP.K,NULL,UNITED STATES OF AMERICA (GOVERNMENT) 3.375% 15-APR-2032,912810FQ6=,59397025.33,0.5566,UNITED STATES,Government Activity
SCHP.K,NULL,STATE STREET US GOVERNMENT MONEY MARKET FUND;PREM,LP40117220,27971246.54,0.2395,,NULL
SCHP.K,NULL,OTHER ASSETS LESS LIABILITIES,NULL,NULL,0.2292,,Unable to resolve some identifier(s).
IYR,LP40056109,PROLOGIS INC ORD,PLD.N,2702660,8.3703,UNITED STATES,Real Estate
IYR,NULL,EQUINIX INC ORD,EQIX.OQ,281556,6.681,UNITED STATES,Real Estate
IYR,NULL,AMERICAN TOWER CORP ORD,AMT.N,1363054,6.5472,UNITED STATES,Real Estate
IYR,NULL,WELLTOWER INC ORD,WELL.N,1355952,4.8062,UNITED STATES,Real Estate
IYR,NULL,SIMON PROPERTY GROUP INC ORD,SPG.N,908911,4.104,UNITED STATES,Real Estate
IYR,NULL,DIGITAL REALTY TRUST INC ORD,DLR.N,924070,3.9325,UNITED STATES,Real Estate
IYR,NULL,REALTY INCOME CORP ORD,O.N,2593859,3.6808,UNITED STATES,Real Estate
IYR,NULL,PUBLIC STORAGE ORD,PSA.N,467083,3.6208,UNITED STATES,Real Estate
IYR,NULL,CBRE GROUP INC ORD,CBRE.N,891464,3.3511,UNITED STATES,Real Estate
IYR,NULL,CROWN CASTLE INC ORD,CCI.N,1287879,2.9862,UNITED STATES,Real Estate
IYR,NULL,EXTRA SPACE STORAGE INC ORD,EXR.N,628206,2.5125,UNITED STATES,Real Estate
IYR,NULL,AVALONBAY COMMUNITIES INC ORD,AVB.N,420929,2.4215,UNITED STATES,Real Estate
IYR,NULL,COSTAR GROUP INC ORD,CSGP.OQ,1214962,2.417,UNITED STATES,Technology
IYR,NULL,VICI PROPERTIES INC ORD,VICI.N,3124022,2.4154,UNITED STATES,Real Estate
IYR,NULL,IRON MOUNTAIN INC ORD,IRM.N,869562,2.2938,UNITED STATES,Real Estate
IYR,NULL,VENTAS INC ORD,VTR.N,1243227,1.9508,UNITED STATES,Real Estate
IYR,NULL,EQUITY RESIDENTIAL ORD,EQR.N,1011891,1.8562,UNITED STATES,Real Estate
IYR,NULL,WEYERHAEUSER CO ORD,WY.N,2153458,1.7125,UNITED STATES,Real Estate
IYR,NULL,SBA COMMUNICATIONS CORP ORD,SBAC.OQ,318644,1.6349,UNITED STATES,Real Estate
IYR,NULL,ESSEX PROPERTY TRUST INC ORD,ESS.N,190457,1.4076,UNITED STATES,Real Estate
IYR,NULL,MID-AMERICA APARTMENT COMMUNITIES INC ORD,MAA.N,346438,1.3728,UNITED STATES,Real Estate
IYR,NULL,INVITATION HOMES INC ORD,INVH.N,1688709,1.3662,UNITED STATES,Real Estate
IYR,NULL,SUN COMMUNITIES INC ORD,SUI.N,355007,1.1663,UNITED STATES,Real Estate
IYR,NULL,ALEXANDRIA REAL ESTATE EQUITIES INC ORD,ARE.N,461150,1.1659,UNITED STATES,Real Estate
IYR,NULL,KIMCO REALTY CORP ORD,KIM.N,1998573,1.1653,UNITED STATES,Real Estate
IYR,NULL,HEALTHPEAK PROPERTIES INC ORD,DOC.N,2073738,1.1127,UNITED STATES,Real Estate
IYR,NULL,JONES LANG LASALLE INC ORD,JLL.N,140668,1.0332,UNITED STATES,Real Estate
IYR,NULL,GAMING AND LEISURE PROPERTIES INC ORD,GLPI.OQ,813713,1.0226,UNITED STATES,Real Estate
IYR,NULL,UDR INC ORD,UDR.N,890486,0.9653,UNITED STATES,Real Estate
IYR,NULL,ZILLOW GROUP INC ORD,Z.OQ,451534,0.9642,UNITED STATES,Real Estate
IYR,NULL,EQUITY LIFESTYLE PROPERTIES INC ORD,ELS.N,566534,0.963,UNITED STATES,Real Estate
IYR,NULL,WP CAREY INC ORD,WPC.N,649121,0.9426,UNITED STATES,Real Estate
IYR,NULL,CAMDEN PROPERTY TRUST ORD,CPT.N,316452,0.9345,UNITED STATES,Real Estate
IYR,NULL,REGENCY CENTERS CORP ORD,REG.OQ,484469,0.9039,UNITED STATES,Real Estate
IYR,NULL,HOST HOTELS & RESORTS INC ORD,HST.OQ,2073408,0.8998,UNITED STATES,Real Estate
IYR,NULL,ANNALY CAPITAL MANAGEMENT INC ORD,NLY.N,1662842,0.8814,UNITED STATES,Real Estate
IYR,NULL,LAMAR ADVERTISING CO ORD,LAMR.OQ,260880,0.8565,UNITED STATES,Real Estate
IYR,NULL,AMERICAN HOMES 4 RENT ORD,AMH.N,941098,0.8464,UNITED STATES,Real Estate
IYR,NULL,BXP INC ORD,BXP.N,431619,0.8199,UNITED STATES,Real Estate
IYR,NULL,OMEGA HEALTHCARE INVESTORS INC ORD,OHI.N,801003,0.771,UNITED STATES,Real Estate
IYR,NULL,CUBESMART ORD,CUBE.N,671249,0.727,UNITED STATES,Real Estate
IYR,NULL,REXFORD INDUSTRIAL REALTY INC ORD,REXR.N,658989,0.6959,UNITED STATES,Real Estate
IYR,NULL,AGNC INVESTMENT CORP ORD,AGNC.OQ,2627043,0.6802,UNITED STATES,Real Estate
IYR,NULL,EASTGROUP PROPERTIES INC ORD,EGP.N,146828,0.6468,UNITED STATES,Real Estate
IYR,NULL,FEDERAL REALTY INVESTMENT TRUST ORD,FRT.N,227111,0.6407,UNITED STATES,Real Estate
IYR,NULL,BRIXMOR PROPERTY GROUP INC ORD,BRX.N,897144,0.6072,UNITED STATES,Real Estate
IYR,NULL,AGREE REALTY CORP ORD,ADC.N,306500,0.5777,UNITED STATES,Real Estate
IYR,NULL,NNN REIT INC ORD,NNN.N,557200,0.57,UNITED STATES,Real Estate
IYR,NULL,VORNADO REALTY TRUST ORD,VNO.N,493122,0.554,UNITED STATES,Real Estate
IYR,NULL,FIRST INDUSTRIAL REALTY TRUST INC ORD,FR.N,394164,0.5465,UNITED STATES,Real Estate
IYR,NULL,STAG INDUSTRIAL INC ORD,STAG.N,543165,0.4822,UNITED STATES,Real Estate
IYR,NULL,STARWOOD PROPERTY TRUST INC ORD,STWD.N,954917,0.4799,UNITED STATES,Real Estate
IYR,NULL,RITHM CAPITAL CORP ORD,RITM.N,1543388,0.4614,UNITED STATES,Real Estate
IYR,NULL,HEALTHCARE REALTY TRUST INC ORD,HR.N,1052310,0.4578,UNITED STATES,Real Estate
IYR,NULL,AMERICOLD REALTY TRUST INC ORD,COLD.N,776878,0.4409,UNITED STATES,Real Estate
IYR,NULL,COUSINS PROPERTIES INC ORD,CUZ.N,497060,0.3941,UNITED STATES,Real Estate
IYR,NULL,ZILLOW GROUP INC ORD,ZG.OQ,161872,0.333,UNITED STATES,Real Estate
IYR,NULL,KILROY REALTY CORP ORD,KRC.N,316457,0.3207,UNITED STATES,Real Estate
IYR,NULL,SABRA HEALTH CARE REIT INC ORD,SBRA.OQ,708035,0.3073,UNITED STATES,Real Estate
IYR,NULL,LINEAGE INC ORD,LINE.OQ,176634,0.2752,UNITED STATES,Real Estate
IYR,NULL,RAYONIER INC ORD,RYN.N,375631,0.255,UNITED STATES,Real Estate
IYR,NULL,POTLATCHDELTIC CORP ORD,PCH.OQ,213587,0.2481,UNITED STATES,Real Estate
IYR,NULL,HOWARD HUGHES HOLDINGS INC ORD,HHH.N,90748,0.18,UNITED STATES,Real Estate
IYR,NULL,BLACKROCK CASH FUNDS: TREASURY;SL AGENCY,LP40189075,6234839.52,0.1619,,NULL
IYR,NULL,OTHER ASSETS LESS LIABILITIES,NULL,NULL,0.0535,,Unable to resolve some identifier(s).
IYR,NULL,CASH AND CASH EQUIVALENTS,NULL,0,0.0287,,Unable to resolve some identifier(s).
IYR,NULL,SEAPORT ENTERTAINMENT GROUP INC ORD,SEG.A,26832,0.0185,UNITED STATES,Consumer Cyclicals
IYR,NULL,DJ RE IDX MAR25,NULL,7836750,0,,Unable to resolve some identifier(s).
AOR,LP40124140,ISHARES CORE S&P 500 ETF,IVV,1313867,35.1602,,NULL
AOR,NULL,ISHARES CORE TOTAL USD BOND MARKET ETF,IUSB.O,16635569,33.4626,,NULL
AOR,NULL,ISHARES CORE MSCI INTERNATIONAL DEVELOPED MKT ETF,IDEV.K,5470645,16.3018,,NULL
AOR,NULL,ISHARES CORE MSCI EMERGING MARKETS ETF,IEMG.K,2606189,6.1121,,NULL
AOR,NULL,ISHARES CORE INTERNATIONAL AGGREGATE BOND ETF,IAGG.K,2613171,5.7988,,NULL
AOR,NULL,ISHARES CORE S&P MID-CAP ETF,IJH,729755,2.088,,NULL
AOR,NULL,ISHARES CORE S&P SMALL-CAP ETF,IJR,184885,0.9691,,NULL
AOR,NULL,BLACKROCK CASH FUNDS: TREASURY;SL AGENCY,LP40189075,2617184.94,0.1158,,NULL
AOR,NULL,CASH AND CASH EQUIVALENTS,NULL,0,0,,Unable to resolve some identifier(s).
AOR,NULL,OTHER ASSETS LESS LIABILITIES,NULL,NULL,-0.0084,,Unable to resolve some identifier(s).
BITO.K,LP40233173,UNITED STATES OF AMERICA (GOVERNMENT) 0% 06-FEB-2025,NULL,1650000000,64.674,UNITED STATES,Unable to resolve some identifier(s).
BITO.K,NULL,REPO GENERAL SECURITY,NULL,1385348186,54.3196,,Unable to resolve some identifier(s).
BITO.K,NULL,BITCOIN FUTURES,NULL,64641799.5,27.7703,,Unable to resolve some identifier(s).
BITO.K,NULL,USD CASH,NULL,454989151.7,17.8402,UNITED STATES,Unable to resolve some identifier(s).
BITO.K,NULL,OTHER ASSETS LESS LIABILITIES,NULL,NULL,-0.0688,,Unable to resolve some identifier(s).
BITO.K,NULL,REVERSE REPO GENERAL SECURITY,NULL,-1645885287,-64.5353,,Unable to resolve some identifier(s).
GBTC.K,LP40300904,NULL,NULL,NULL,NULL,NULL,Unable to resolve some identifier(s).
SHV.O,LP40111249,UNITED STATES OF AMERICA (GOVERNMENT) 0% 15-MAY-2025,912797LB1=,926020800,4.7993,UNITED STATES,Government Activity
SHV.O,NULL,UNITED STATES OF AMERICA (GOVERNMENT) 0% 13-FEB-2025,NULL,908534700,4.759,UNITED STATES,Unable to resolve some identifier(s).
SHV.O,NULL,UNITED STATES OF AMERICA (GOVERNMENT) 0% 03-APR-2025,912797MV6=,842104600,4.3856,UNITED STATES,Government Activity
SHV.O,NULL,0% 01-MAY-2025,912797ND5=,804132500,4.1744,,Government Activity
SHV.O,NULL,UNITED STATES OF AMERICA (GOVERNMENT) 0% 17-JUL-2025,912797PE1=,801995200,4.1263,UNITED STATES,Government Activity
SHV.O,NULL,UNITED STATES OF AMERICA (GOVERNMENT) 0% 17-APR-2025,912797KS5=,766774400,3.987,UNITED STATES,Government Activity
SHV.O,NULL,UNITED STATES OF AMERICA (GOVERNMENT) 0% 03-JUL-2025,912797NX1=,749262200,3.8613,UNITED STATES,Government Activity
SHV.O,NULL,UNITED STATES OF AMERICA (GOVERNMENT) 0% 24-APR-2025,912797NC7=,724005900,3.7616,UNITED STATES,Government Activity
SHV.O,NULL,BLACKROCK CASH FUNDS: TREASURY;SL AGENCY,LP40189075,685681135.5,3.5959,,NULL
SHV.O,NULL,UNITED STATES OF AMERICA (GOVERNMENT) 0% 25-MAR-2025,912797NS2=,607187100,3.1656,UNITED STATES,Government Activity
SHV.O,NULL,UNITED STATES OF AMERICA (GOVERNMENT) 0% 10-JUL-2025,912797LW5=,605715200,3.1191,UNITED STATES,Government Activity
SHV.O,NULL,UNITED STATES OF AMERICA (GOVERNMENT) 0% 20-FEB-2025,912797KA4=,578976200,3.0302,UNITED STATES,Government Activity
SHV.O,NULL,UNITED STATES OF AMERICA (GOVERNMENT) 0% 10-APR-2025,912797NB9=,555227100,2.8893,UNITED STATES,Government Activity
SHV.O,NULL,UNITED STATES OF AMERICA (GOVERNMENT) 0% 25-FEB-2025,912797NJ2=,522260400,2.7317,UNITED STATES,Government Activity
SHV.O,NULL,UNITED STATES OF AMERICA (GOVERNMENT) 0% 28-NOV-2025,912797NL7=,532535600,2.6998,UNITED STATES,Government Activity
SHV.O,NULL,0% 30-OCT-2025,912797NA1=,522287600,2.6565,,Government Activity
SHV.O,NULL,UNITED STATES OF AMERICA (GOVERNMENT) 0% 04-FEB-2025,NULL,498040700,2.6115,UNITED STATES,Unable to resolve some identifier(s).
SHV.O,NULL,UNITED STATES OF AMERICA (GOVERNMENT) .25% 30-SEP-2025,91282CAM3=,499653200,2.5524,UNITED STATES,Government Activity
SHV.O,NULL,UNITED STATES OF AMERICA (GOVERNMENT) 0% 18-FEB-2025,912797NH6=,481484600,2.5206,UNITED STATES,Government Activity
SHV.O,NULL,UNITED STATES OF AMERICA (GOVERNMENT) 0% 22-JAN-2026,912797PD3=,499277500,2.5159,UNITED STATES,Government Activity
SHV.O,NULL,UNITED STATES OF AMERICA (GOVERNMENT) 0% 18-MAR-2025,912797NR4=,462527200,2.4134,UNITED STATES,Government Activity
SHV.O,NULL,UNITED STATES OF AMERICA (GOVERNMENT) 0% 27-FEB-2025,912797ML8=,449272000,2.3494,UNITED STATES,Government Activity
SHV.O,NULL,UNITED STATES OF AMERICA (GOVERNMENT) 0% 07-AUG-2025,912797MG9=,449610000,2.3076,UNITED STATES,Government Activity
SHV.O,NULL,UNITED STATES OF AMERICA (GOVERNMENT) 0% 15-APR-2025,NULL,411685800,2.1412,UNITED STATES,Unable to resolve some identifier(s).
SHV.O,NULL,UNITED STATES OF AMERICA (GOVERNMENT) 0% 06-MAY-2025,NULL,398206000,2.0659,UNITED STATES,Unable to resolve some identifier(s).
SHV.O,NULL,UNITED STATES OF AMERICA (GOVERNMENT) 0% 24-JUL-2025,912797PF8=,399422500,2.0535,UNITED STATES,Government Activity
SHV.O,NULL,UNITED STATES OF AMERICA (GOVERNMENT) 0% 04-MAR-2025,912797NK9=,374654400,1.958,UNITED STATES,Government Activity
SHV.O,NULL,UNITED STATES OF AMERICA (GOVERNMENT) 0% 01-APR-2025,NULL,375000000,1.9534,UNITED STATES,Unable to resolve some identifier(s).
SHV.O,NULL,UNITED STATES OF AMERICA (GOVERNMENT) 0% 13-MAR-2025,NULL,359547200,1.8771,UNITED STATES,Unable to resolve some identifier(s).
SHV.O,NULL,UNITED STATES OF AMERICA (GOVERNMENT) 0% 12-JUN-2025,912797LN5=,359547200,1.8573,UNITED STATES,Government Activity
SHV.O,NULL,0% 11-MAR-2025,912797NQ6=,349798000,1.8267,,Government Activity
SHV.O,NULL,UNITED STATES OF AMERICA (GOVERNMENT) 0% 13-MAY-2025,912797PH4=,350141400,1.8151,UNITED STATES,Government Activity
SHV.O,NULL,UNITED STATES OF AMERICA (GOVERNMENT) 0% 11-FEB-2025,NULL,307286900,1.61,UNITED STATES,Unable to resolve some identifier(s).
SHV.O,NULL,UNITED STATES OF AMERICA (GOVERNMENT) 0% 22-MAY-2025,912797NM5=,310185100,1.6063,UNITED STATES,Government Activity
SHV.O,NULL,UNITED STATES OF AMERICA (GOVERNMENT) 0% 26-DEC-2025,NULL,302205000,1.5277,UNITED STATES,Unable to resolve some identifier(s).
SHV.O,NULL,UNITED STATES OF AMERICA (GOVERNMENT) 0% 04-SEP-2025,912797MH7=,297144800,1.5207,UNITED STATES,Government Activity
SHV.O,NULL,UNITED STATES OF AMERICA (GOVERNMENT) 0% 06-MAR-2025,912797MM6=,273256200,1.4278,UNITED STATES,Government Activity
SHV.O,NULL,UNITED STATES OF AMERICA (GOVERNMENT) 0% 29-APR-2025,NULL,224909000,1.1679,UNITED STATES,Unable to resolve some identifier(s).
SHV.O,NULL,UNITED STATES OF AMERICA (GOVERNMENT) 0% 20-MAY-2025,912797PJ0=,200138000,1.0366,UNITED STATES,Government Activity
SHV.O,NULL,UNITED STATES OF AMERICA (GOVERNMENT) 0% 05-JUN-2025,NULL,179607200,0.9286,UNITED STATES,Unable to resolve some identifier(s).
SHV.O,NULL,0% 27-MAY-2025,NULL,149776400,0.7752,,Unable to resolve some identifier(s).
SHV.O,NULL,UNITED STATES OF AMERICA (GOVERNMENT) 0% 27-MAR-2025,912797MU8=,100730800,0.525,UNITED STATES,Government Activity
SHV.O,NULL,UNITED STATES OF AMERICA (GOVERNMENT) 0% 26-JUN-2025,NULL,100730800,0.5195,UNITED STATES,Unable to resolve some identifier(s).
SHV.O,NULL,UNITED STATES OF AMERICA (GOVERNMENT) 0% 02-OCT-2025,912797MS3=,90669400,0.4626,UNITED STATES,Government Activity
SHV.O,NULL,UNITED STATES OF AMERICA (GOVERNMENT) 0% 20-MAR-2025,912797KJ5=,25485600,0.1329,UNITED STATES,Government Activity
SHV.O,NULL,OTHER FEES,NULL,9,0,,Unable to resolve some identifier(s).
SHV.O,NULL,OTHER ASSETS LESS LIABILITIES,NULL,NULL,-2.6148,,Unable to resolve some identifier(s).
SHV.O,NULL,USD CASH,NULL,-607838981.6,-3.1877,UNITED STATES,Unable to resolve some identifier(s).
SOXL.K,LP40182265,DREYFUS GOVERNMENT CASH MANAGEMENT;INSTITUTIONAL,LP40001481,1518060460,15.2749,,NULL
SOXL.K,NULL,DREYFUS TREASURY SECURITIES CASH MANAGEMENT;INST,LP40005163,1129460000,11.3648,,Financials
SOXL.K,NULL,BROADCOM INC ORD,AVGO.OQ,3210345,7.1477,UNITED STATES,Technology
SOXL.K,NULL,JPMORGAN 100% US TREASURY SECS MNY MKT FD;MORGAN,LP40006347,582000000,5.8562,,NULL
SOXL.K,NULL,NVIDIA CORP ORD,NVDA.OQ,3765012,4.5487,UNITED STATES,Technology
SOXL.K,NULL,QUALCOMM INC ORD,QCOM.OQ,2583042,4.4946,UNITED STATES,Technology
SOXL.K,NULL,ADVANCED MICRO DEVICES INC ORD,AMD.OQ,3792559,4.4248,UNITED STATES,Technology
SOXL.K,NULL,TEXAS INSTRUMENTS INC ORD,TXN.OQ,2037433,3.7847,UNITED STATES,Technology
SOXL.K,NULL,MARVELL TECHNOLOGY INC ORD,MRVL.OQ,2808006,3.1888,UNITED STATES,Technology
SOXL.K,NULL,GOLDMAN SACHS FS TREASURY INSTRUMENTS FD;INST,LP40028357,300294127.9,3.0216,,Financials
SOXL.K,NULL,KLA CORP ORD,KLAC.OQ,402050,2.9865,UNITED STATES,Technology
SOXL.K,NULL,LAM RESEARCH CORP ORD,LRCX.OQ,3520848,2.8714,UNITED STATES,Technology
SOXL.K,NULL,APPLIED MATERIALS INC ORD,AMAT.OQ,1488263,2.7008,UNITED STATES,Technology
SOXL.K,NULL,TAIWAN SEMICONDUCTOR MNFTG ADR 5 ORD,TSM.N,1271891,2.6789,TAIWAN,Technology
SOXL.K,NULL,ASML HOLDING ADR REP ORD,ASML.OQ,342253,2.546,NETHERLANDS,Technology
SOXL.K,NULL,ANALOG DEVICES INC ORD,ADI.OQ,1193762,2.5452,UNITED STATES,Technology
SOXL.K,NULL,MICRON TECHNOLOGY INC ORD,MU.OQ,2656141,2.4385,UNITED STATES,Technology
SOXL.K,NULL,MONOLITHIC POWER SYSTEMS INC ORD,MPWR.OQ,375973,2.4112,UNITED STATES,Technology
SOXL.K,NULL,NXP SEMICONDUCTORS NV ORD,NXPI.OQ,1134495,2.3807,NETHERLANDS,Technology
SOXL.K,NULL,INTEL CORP ORD,INTC.OQ,10819212,2.1152,UNITED STATES,Technology
SOXL.K,NULL,MICROCHIP TECHNOLOGY INC ORD,MCHP.OQ,3815701,2.0848,UNITED STATES,Technology
SOXL.K,NULL,ON SEMICONDUCTOR CORP ORD,ON.OQ,3394902,1.7879,UNITED STATES,Technology
SOXL.K,NULL,TERADYNE INC ORD,TER.OQ,1271808,1.4818,UNITED STATES,Technology
SOXL.K,NULL,ENTEGRIS INC ORD,ENTG.OQ,1206432,1.2326,UNITED STATES,Technology
SOXL.K,NULL,SKYWORKS SOLUTIONS INC ORD,SWKS.OQ,1278822,1.1421,UNITED STATES,Technology
SOXL.K,NULL,ONTO INNOVATION INC ORD,ONTO.N,393430,0.8106,UNITED STATES,Technology
SOXL.K,NULL,GOLDMAN SACHS FS GOVERNMENT FUND;INSTITUTIONAL,LP40019852,72380000.01,0.7283,,NULL
SOXL.K,NULL,QORVO INC ORD,QRVO.OQ,753378,0.629,UNITED STATES,Technology
SOXL.K,NULL,LATTICE SEMICONDUCTOR CORP ORD,LSCC.OQ,1093722,0.6275,UNITED STATES,Technology
SOXL.K,NULL,MKS INSTRUMENTS INC ORD,MKSI.OQ,537470,0.6126,UNITED STATES,Industrials
SOXL.K,NULL,UNIVERSAL DISPLAY CORP ORD,OLED.OQ,351589,0.5304,UNITED STATES,Technology
SOXL.K,NULL,ASE INDUSTRIAL HOLDIN ADR REP 2 ORD,ASX.N,5079268,0.5187,TAIWAN,Technology
SOXL.K,NULL,STMICROELECTRONICS ADR,STM.N,2078640,0.4696,NETHERLANDS,Technology
SOXL.K,NULL,ARM HOLDINGS ADR,ARM.OQ,289551,0.4648,UNITED KINGDOM,Technology
SOXL.K,NULL,UNITED MICR ELCTRNS ADR REP 5 ORD,UMC.N,5768893,0.3355,TAIWAN,Technology
SOXL.K,NULL,USD CASH,NULL,-40425820.63,-0.4068,UNITED STATES,Unable to resolve some identifier(s).
SOXL.K,NULL,ICE SEMICONDUCTOR INDEX TRS,NULL,21015328,-0.732,,Unable to resolve some identifier(s).
SOXL.K,NULL,CASH AND CASH EQUIVALENTS,NULL,0,-1.0988,,Unable to resolve some identifier(s).
TQQQ.O,LP40181909,APPLE INC ORD,AAPL.OQ,4951505,4.6004,UNITED STATES,Technology
TQQQ.O,NULL,MICROSOFT CORP ORD,MSFT.OQ,2435359,3.9794,UNITED STATES,Technology
TQQQ.O,NULL,UNITED STATES OF AMERICA (GOVERNMENT) 0% 06-FEB-2025,NULL,1000000000,3.9354,UNITED STATES,Unable to resolve some identifier(s).
TQQQ.O,NULL,UNITED STATES OF AMERICA (GOVERNMENT) 0% 06-MAR-2025,912797MM6=,1000000000,3.9224,UNITED STATES,Government Activity
TQQQ.O,NULL,UNITED STATES OF AMERICA (GOVERNMENT) 0% 13-MAR-2025,NULL,1000000000,3.9192,UNITED STATES,Unable to resolve some identifier(s).
TQQQ.O,NULL,NVIDIA CORP ORD,NVDA.OQ,8022190,3.792,UNITED STATES,Technology
TQQQ.O,NULL,0% 11-MAR-2025,912797NQ6=,900000000,3.5282,,Government Activity
TQQQ.O,NULL,BNP PARIBAS/NASDAQ 100 INDEX TRS,NULL,1,3.4189,,Unable to resolve some identifier(s).
TQQQ.O,NULL,AMAZON.COM INC ORD,AMZN.OQ,3444417,3.2229,UNITED STATES,Consumer Cyclicals
TQQQ.O,NULL,MORGAN STANLEY/NASDAQ 100 INDEX TRS,NULL,1,3.1221,,Unable to resolve some identifier(s).
TQQQ.O,NULL,UNITED STATES OF AMERICA (GOVERNMENT) 0% 11-FEB-2025,NULL,750000000,2.9498,UNITED STATES,Unable to resolve some identifier(s).
TQQQ.O,NULL,SOCIETE GENERALE/NASDAQ 100 INDEX TRS,NULL,1,2.9422,,Unable to resolve some identifier(s).
TQQQ.O,NULL,JPMORGAN CHASE & CO/NASDAQ 100 INDEX TRS,NULL,1,2.5142,,Unable to resolve some identifier(s).
TQQQ.O,NULL,UNITED STATES OF AMERICA (GOVERNMENT) 0% 20-FEB-2025,912797KA4=,600000000,2.3574,UNITED STATES,Government Activity
TQQQ.O,NULL,UNITED STATES OF AMERICA (GOVERNMENT) 0% 25-FEB-2025,912797NJ2=,600000000,2.356,UNITED STATES,Government Activity
TQQQ.O,NULL,BROADCOM INC ORD,AVGO.OQ,2530331,2.2042,UNITED STATES,Technology
TQQQ.O,NULL,UNITED STATES OF AMERICA (GOVERNMENT) 0% 13-FEB-2025,NULL,500000000,1.9661,UNITED STATES,Unable to resolve some identifier(s).
TQQQ.O,NULL,UNITED STATES OF AMERICA (GOVERNMENT) 0% 01-APR-2025,NULL,500000000,1.9552,UNITED STATES,Unable to resolve some identifier(s).
TQQQ.O,NULL,META PLATFORMS INC ORD,META.OQ,714051,1.9373,UNITED STATES,Technology
TQQQ.O,NULL,TESLA INC ORD,TSLA.OQ,1188205,1.8926,UNITED STATES,Consumer Cyclicals
TQQQ.O,NULL,USD CASH,NULL,449931812.2,1.7713,UNITED STATES,Unable to resolve some identifier(s).
TQQQ.O,NULL,NOMURA BANK INTERNATIONAL PLC/NASDAQ 100 INDEX TRS,NULL,1,1.7641,,Unable to resolve some identifier(s).
TQQQ.O,NULL,UNITED STATES OF AMERICA (GOVERNMENT) 0% 18-FEB-2025,912797NH6=,400000000,1.5719,UNITED STATES,Government Activity
TQQQ.O,NULL,UNITED STATES OF AMERICA (GOVERNMENT) 0% 04-MAR-2025,912797NK9=,400000000,1.5693,UNITED STATES,Government Activity
TQQQ.O,NULL,ALPHABET INC CLASS A ORD,GOOGL.OQ,1913983,1.5373,UNITED STATES,Technology
TQQQ.O,NULL,ALPHABET INC CLASS C ORD,GOOG.OQ,1812764,1.4673,UNITED STATES,Technology
TQQQ.O,NULL,REPO GENERAL SECURITY,NULL,359963622.4,1.4171,,Unable to resolve some identifier(s).
TQQQ.O,NULL,COSTCO WHOLESALE CORP ORD,COST.OQ,357149,1.3777,UNITED STATES,Consumer Cyclicals
TQQQ.O,NULL,NETFLIX INC ORD,NFLX.OQ,344580,1.325,UNITED STATES,Technology
TQQQ.O,NULL,UNITED STATES OF AMERICA (GOVERNMENT) 0% 25-MAR-2025,912797NS2=,300000000,1.1741,UNITED STATES,Government Activity
TQQQ.O,NULL,UNITED STATES OF AMERICA (GOVERNMENT) 0% 27-FEB-2025,912797ML8=,275000000,1.0796,UNITED STATES,Government Activity
TQQQ.O,NULL,T-MOBILE US INC ORD,TMUS.OQ,935158,0.8577,UNITED STATES,Technology
TQQQ.O,NULL,CISCO SYSTEMS INC ORD,CSCO.OQ,3209685,0.7657,UNITED STATES,Technology
TQQQ.O,NULL,GOLDMAN SACHS/NASDAQ 100 INDEX TRS,NULL,1,0.697,,Unable to resolve some identifier(s).
TQQQ.O,NULL,LINDE PLC ORD,LIN.OQ,383783,0.674,UNITED KINGDOM,Basic Materials
TQQQ.O,NULL,PEPSICO INC ORD,PEP.OQ,1105721,0.656,UNITED STATES,Consumer Non-Cyclicals
TQQQ.O,NULL,INTUITIVE SURGICAL INC ORD,ISRG.OQ,287054,0.6463,UNITED STATES,Healthcare
TQQQ.O,NULL,ADOBE INC ORD,ADBE.OQ,354565,0.6106,UNITED STATES,Technology
TQQQ.O,NULL,QUALCOMM INC ORD,QCOM.OQ,895519,0.6097,UNITED STATES,Technology
TQQQ.O,NULL,ADVANCED MICRO DEVICES INC ORD,AMD.OQ,1307840,0.597,UNITED STATES,Technology
TQQQ.O,NULL,PALANTIR TECHNOLOGIES INC ORD,PLTR.OQ,1757493,0.5707,UNITED STATES,Technology
TQQQ.O,NULL,TEXAS INSTRUMENTS INC ORD,TXN.OQ,735153,0.5343,UNITED STATES,Technology
TQQQ.O,NULL,INTUIT INC ORD,INTU.OQ,225525,0.534,UNITED STATES,Technology
TQQQ.O,NULL,BOOKING HOLDINGS INC ORD,BKNG.OQ,26830,0.5004,UNITED STATES,Consumer Cyclicals
TQQQ.O,NULL,AMGEN INC ORD,AMGN.OQ,433196,0.4868,UNITED STATES,Healthcare
TQQQ.O,NULL,APPLIED MATERIALS INC ORD,AMAT.OQ,664433,0.4717,UNITED STATES,Technology
TQQQ.O,NULL,HONEYWELL INTERNATIONAL INC ORD,HON.OQ,524048,0.4616,UNITED STATES,Consumer Non-Cyclicals
TQQQ.O,NULL,COMCAST CORP ORD,CMCSA.OQ,3076299,0.4076,UNITED STATES,Technology
TQQQ.O,NULL,UNITED STATES OF AMERICA (GOVERNMENT) 0% 20-MAR-2025,912797KJ5=,100000000,0.3916,UNITED STATES,Government Activity
TQQQ.O,NULL,AUTOMATIC DATA PROCESSING INC ORD,ADP.OQ,328289,0.3916,UNITED STATES,Technology
TQQQ.O,NULL,STARBUCKS CORP ORD,SBUX.OQ,913738,0.3873,UNITED STATES,Consumer Cyclicals
TQQQ.O,NULL,GILEAD SCIENCES INC ORD,GILD.OQ,1004381,0.3843,UNITED STATES,Healthcare
TQQQ.O,NULL,PALO ALTO NETWORKS INC ORD,PANW.OQ,528930,0.384,UNITED STATES,Technology
TQQQ.O,NULL,VERTEX PHARMACEUTICALS INC ORD,VRTX.OQ,207476,0.3771,UNITED STATES,Healthcare
TQQQ.O,NULL,APPLOVIN CORP ORD,APP.OQ,240823,0.3504,UNITED STATES,Technology
TQQQ.O,NULL,ANALOG DEVICES INC ORD,ADI.OQ,400011,0.3337,UNITED STATES,Technology
TQQQ.O,NULL,LAM RESEARCH CORP ORD,LRCX.OQ,1036953,0.3309,UNITED STATES,Technology
TQQQ.O,NULL,MICRON TECHNOLOGY INC ORD,MU.OQ,897839,0.3225,UNITED STATES,Technology
TQQQ.O,NULL,KLA CORP ORD,KLAC.OQ,107869,0.3135,UNITED STATES,Technology
TQQQ.O,NULL,UBS AG/NASDAQ 100 INDEX TRS,NULL,1,0.3131,,Unable to resolve some identifier(s).
TQQQ.O,NULL,MARVELL TECHNOLOGY INC ORD,MRVL.OQ,697988,0.3101,UNITED STATES,Technology
TQQQ.O,NULL,MERCADOLIBRE INC ORD,MELI.OQ,40866,0.3092,URUGUAY,Technology
TQQQ.O,NULL,CONSTELLATION ENERGY CORP ORD,CEG.OQ,252059,0.2977,UNITED STATES,Utilities
TQQQ.O,NULL,CROWDSTRIKE HOLDINGS INC ORD,CRWD.OQ,188311,0.2951,UNITED STATES,Technology
TQQQ.O,NULL,PAYPAL HOLDINGS INC ORD,PYPL.OQ,807904,0.2817,UNITED STATES,Industrials
TQQQ.O,NULL,INTEL CORP ORD,INTC.OQ,3476036,0.2659,UNITED STATES,Technology
TQQQ.O,NULL,CADENCE DESIGN SYSTEMS INC ORD,CDNS.OQ,221150,0.2591,UNITED STATES,Technology
TQQQ.O,NULL,CINTAS CORP ORD,CTAS.OQ,325089,0.2567,UNITED STATES,Industrials
TQQQ.O,NULL,MARRIOTT INTERNATIONAL INC ORD,MAR.OQ,224053,0.2563,UNITED STATES,Consumer Cyclicals
TQQQ.O,NULL,SYNOPSYS INC ORD,SNPS.OQ,123826,0.2562,UNITED STATES,Technology
TQQQ.O,NULL,MICROSTRATEGY INC ORD,MSTR.OQ,186610,0.246,UNITED STATES,Technology
TQQQ.O,NULL,MONDELEZ INTERNATIONAL INC ORD,MDLZ.OQ,1077671,0.246,UNITED STATES,Consumer Non-Cyclicals
TQQQ.O,NULL,FORTINET INC ORD,FTNT.OQ,617756,0.2453,UNITED STATES,Technology
TQQQ.O,NULL,PDD HOLDINGS ADS,PDD.OQ,538360,0.2372,IRELAND,Technology
TQQQ.O,NULL,O'REILLY AUTOMOTIVE INC ORD,ORLY.OQ,46493,0.2369,UNITED STATES,Consumer Cyclicals
TQQQ.O,NULL,DOORDASH INC ORD,DASH.OQ,313385,0.233,UNITED STATES,Technology
TQQQ.O,NULL,REGENERON PHARMACEUTICALS INC ORD,REGN.OQ,86882,0.2302,UNITED STATES,Healthcare
TQQQ.O,NULL,AUTODESK INC ORD,ADSK.OQ,173259,0.2124,UNITED STATES,Technology
TQQQ.O,NULL,ASML HOLDING ADR REP ORD,ASML.OQ,71402,0.2078,NETHERLANDS,Technology
TQQQ.O,NULL,CSX CORP ORD,CSX.OQ,1554117,0.2011,UNITED STATES,Industrials
TQQQ.O,NULL,ROPER TECHNOLOGIES INC ORD,ROP.OQ,86540,0.1961,UNITED STATES,Technology
TQQQ.O,NULL,PACCAR INC ORD,PCAR.OQ,422483,0.1844,UNITED STATES,Industrials
TQQQ.O,NULL,AIRBNB INC ORD,ABNB.OQ,348798,0.1801,UNITED STATES,Technology
TQQQ.O,NULL,WORKDAY INC ORD,WDAY.OQ,171631,0.1771,UNITED STATES,Technology
TQQQ.O,NULL,COPART INC ORD,CPRT.OQ,776490,0.1771,UNITED STATES,Technology
TQQQ.O,NULL,TRADE DESK INC ORD,TTD.OQ,362318,0.1693,UNITED STATES,Technology
TQQQ.O,NULL,PAYCHEX INC ORD,PAYX.OQ,289933,0.1686,UNITED STATES,Industrials
TQQQ.O,NULL,NXP SEMICONDUCTORS NV ORD,NXPI.OQ,204833,0.1682,NETHERLANDS,Technology
TQQQ.O,NULL,AMERICAN ELECTRIC POWER COMPANY INC ORD,AEP.OQ,429026,0.1661,UNITED STATES,Utilities
TQQQ.O,NULL,ROSS STORES INC ORD,ROST.OQ,267331,0.1585,UNITED STATES,Consumer Cyclicals
TQQQ.O,NULL,AXON ENTERPRISE INC ORD,AXON.OQ,61359,0.1575,UNITED STATES,Industrials
TQQQ.O,NULL,ATLASSIAN CORP ORD,TEAM.OQ,130133,0.1572,AUSTRALIA,Technology
TQQQ.O,NULL,CHARTER COMMUNICATIONS INC ORD,CHTR.OQ,114623,0.1559,UNITED STATES,Technology
TQQQ.O,NULL,LULULEMON ATHLETICA INC ORD,LULU.OQ,94892,0.1547,CANADA,Consumer Cyclicals
TQQQ.O,NULL,DIAMONDBACK ENERGY INC ORD,FANG.OQ,235251,0.1522,UNITED STATES,Energy
TQQQ.O,NULL,MONSTER BEVERAGE CORP ORD,MNST.OQ,783690,0.1503,UNITED STATES,Consumer Non-Cyclicals
TQQQ.O,NULL,BAKER HUGHES CO ORD,BKR.OQ,797413,0.145,UNITED STATES,Energy
TQQQ.O,NULL,DATADOG INC ORD,DDOG.OQ,252481,0.1418,UNITED STATES,Technology
TQQQ.O,NULL,KEURIG DR PEPPER INC ORD,KDP.OQ,1093068,0.1381,UNITED STATES,Consumer Non-Cyclicals
TQQQ.O,NULL,FASTENAL CO ORD,FAST.OQ,461657,0.1331,UNITED STATES,Industrials
TQQQ.O,NULL,ASTRAZENECA ADR REP 0.5 ORD,AZN.OQ,469348,0.1307,UNITED KINGDOM,Healthcare
TQQQ.O,NULL,COGNIZANT TECHNOLOGY SOLUTIONS CORP ORD,CTSH.OQ,399588,0.13,UNITED STATES,Technology
TQQQ.O,NULL,VERISK ANALYTICS INC ORD,VRSK.OQ,113840,0.1288,UNITED STATES,Technology
TQQQ.O,NULL,GE HEALTHCARE TECHNOLOGIES INC ORD,GEHC.OQ,368288,0.128,UNITED STATES,Healthcare
TQQQ.O,NULL,EXELON CORP ORD,EXC.OQ,809916,0.1275,UNITED STATES,Utilities
TQQQ.O,NULL,OLD DOMINION FREIGHT LINE INC ORD,ODFL.OQ,172005,0.1257,UNITED STATES,Industrials
TQQQ.O,NULL,XCEL ENERGY INC ORD,XEL.OQ,462812,0.1224,UNITED STATES,Utilities
TQQQ.O,NULL,COCA-COLA EUROPACIFIC PARTNERS PLC ORD,CCEP.OQ,371025,0.1147,UNITED KINGDOM,Consumer Non-Cyclicals
TQQQ.O,NULL,KRAFT HEINZ CO ORD,KHC.OQ,974399,0.1145,UNITED STATES,Consumer Non-Cyclicals
TQQQ.O,NULL,IDEXX LABORATORIES INC ORD,IDXX.OQ,65984,0.1096,UNITED STATES,Healthcare
TQQQ.O,NULL,DEXCOM INC ORD,DXCM.OQ,314809,0.1076,UNITED STATES,Healthcare
TQQQ.O,NULL,TAKE-TWO INTERACTIVE SOFTWARE INC ORD,TTWO.OQ,141553,0.1034,UNITED STATES,Technology
TQQQ.O,NULL,ELECTRONIC ARTS INC ORD,EA.OQ,211377,0.1023,UNITED STATES,Technology
TQQQ.O,NULL,COSTAR GROUP INC ORD,CSGP.OQ,330413,0.0996,UNITED STATES,Technology
TQQQ.O,NULL,ZSCALER INC ORD,ZS.OQ,123668,0.0986,UNITED STATES,Technology
TQQQ.O,NULL,ANSYS INC ORD,ANSS.OQ,70502,0.0973,UNITED STATES,Technology
TQQQ.O,NULL,MICROCHIP TECHNOLOGY INC ORD,MCHP.OQ,432916,0.0925,UNITED STATES,Technology
TQQQ.O,NULL,CDW CORP ORD,CDW.OQ,107442,0.0842,UNITED STATES,Technology
TQQQ.O,NULL,WARNER BROS DISCOVERY INC ORD,WBD.OQ,1976935,0.0813,UNITED STATES,Consumer Cyclicals
TQQQ.O,NULL,GLOBALFOUNDRIES INC ORD,GFS.OQ,445382,0.0727,UNITED STATES,Technology
TQQQ.O,NULL,ON SEMICONDUCTOR CORP ORD,ON.OQ,343142,0.0707,UNITED STATES,Technology
TQQQ.O,NULL,BIOGEN INC ORD,BIIB.OQ,117486,0.0666,UNITED STATES,Healthcare
TQQQ.O,NULL,ARM HOLDINGS ADR,ARM.OQ,103137,0.0648,UNITED KINGDOM,Technology
TQQQ.O,NULL,MONGODB INC ORD,MDB.OQ,59513,0.064,UNITED STATES,Technology
TQQQ.O,NULL,GOLDMAN SACHS INTERNATIONAL/PROSHARES ULTRAPRO QQQ TRS,NULL,1,0,,Unable to resolve some identifier(s).
TQQQ.O,NULL,DEUTSCHE BANK AG/PROSHARES ULTRAPRO QQQ TRS,NULL,1,0,,Unable to resolve some identifier(s).
TQQQ.O,NULL,CREDIT SUISSE INTERNATIONAL/NASDAQ 100 INDEX TRS,NULL,2,0,,Unable to resolve some identifier(s).
TQQQ.O,NULL,BANK OF AMERICA NA/PROSHARES ULTRAPRO QQQ TRS,NULL,1,0,,Unable to resolve some identifier(s).
TQQQ.O,NULL,MORGAN STANLEY/PROSHARES ULTRAPRO QQQ TRS,NULL,1,0,,Unable to resolve some identifier(s).
TQQQ.O,NULL,BANK OF AMERICA NA/NASDAQ 100 INDEX TRS,NULL,1,-0.0116,,Unable to resolve some identifier(s).
TQQQ.O,NULL,NAS EMIN MAR25,NULL,8743,-0.0227,,Unable to resolve some identifier(s).
TQQQ.O,NULL,OTHER ASSETS LESS LIABILITIES,NULL,NULL,-0.0906,,Unable to resolve some identifier(s).
TQQQ.O,NULL,BARCLAYS PLC/NASDAQ 100 INDEX TRS,NULL,1,-0.7574,,Unable to resolve some identifier(s).
TQQQ.O,NULL,CITIBANK NA/NASDAQ 100 INDEX TRS,NULL,1,-0.8021,,Unable to resolve some identifier(s).
